<?xml version="1.0" encoding="UTF-8"?>
<beans xmlns="http://www.springframework.org/schema/beans" xmlns:xsi="http://www.w3.org/2001/XMLSchema-instance"
	xmlns:aop="http://www.springframework.org/schema/aop" xmlns:context="http://www.springframework.org/schema/context"
	xmlns:tx="http://www.springframework.org/schema/tx" xmlns:util="http://www.springframework.org/schema/util"
	xsi:schemaLocation="http://www.springframework.org/schema/beans
         http://www.springframework.org/schema/beans/spring-beans-3.0.xsd
         http://www.springframework.org/schema/context
         http://www.springframework.org/schema/context/spring-context-3.0.xsd
         http://www.springframework.org/schema/aop
         http://www.springframework.org/schema/aop/spring-aop-3.0.xsd
         http://www.springframework.org/schema/tx 
         http://www.springframework.org/schema/tx/spring-tx-3.0.xsd
         http://www.springframework.org/schema/util 
         http://www.springframework.org/schema/util/spring-util-3.0.xsd">

	<!-- 配置信息 -->
	<bean id="propertyConfigurer" class="com.fable.hamal.shuttle.common.utils.spring.HamalPropertyConfigurer"
		lazy-init="false">
		<property name="locations">
			<list>
				<value>classpath:canal.properties</value>
			</list>
		</property>
	</bean>
	
	<bean id="canalListener" class="com.fable.hamal.canal.listener.CanalListener" lazy-init="false">
	</bean>
	
	<import resource="canal-database.xml" />
</beans>